<?xml version="1.0" encoding="UTF-8"?>
<!DOCTYPE mapper
PUBLIC "-//mybatis.org//DTD Mapper 3.0//EN"
"http://mybatis.org/dtd/mybatis-3-mapper.dtd">
<mapper namespace="com.dream.dao.OrganizationDao">
	<resultMap type="com.dream.entity.Organization" id="organizationRM">
		<id property="id" column="id"/>
		<result property="name" column="name"/>
		<result property="parentId" column="parent_id"/>
		<result property="parentIds" column="parent_ids"/>
		<result property="available" column="available"/>
	</resultMap>
	<insert id="createOrganization" parameterType="com.dream.entity.Organization">
		insert into sys_organization(name,parent_id,parent_ids,available) values
		(#{name},#{parent_id},#{parent_ids},#{available});
	</insert>
	<update id="updateOrganization" parameterType="com.dream.entity.Organization">
		update sys_organization
		<set>
			<if test="name != null">name=#{name}</if>
			<if test="parentId != null">parent_id=#{parentId}</if>
			<if test="parentIds != null">parent_ids=#{parentIds}</if>
			<if test="available != null">available=#{available}</if>
		</set>
	</update>
	<delete id="deleteOrganization" parameterType="long">
		delete from  sys_organization where id=#{id}
	</delete>
	<select id="findOne" parameterType="long" resultMap="organizationRM" >
		select * from sys_organization where id=#{id}
	</select>
	<select id="findAll" resultMap="organizationRM">
		select * from sys_organization 
	</select>
</mapper>