<?xml version="1.0" encoding="UTF-8"?>
<beans xmlns="http://www.springframework.org/schema/beans"
	xmlns:xsi="http://www.w3.org/2001/XMLSchema-instance" xmlns:mvc="http://www.springframework.org/schema/mvc"
	xmlns:context="http://www.springframework.org/schema/context"
	xmlns:aop="http://www.springframework.org/schema/aop" xmlns:tx="http://www.springframework.org/schema/tx"
	xsi:schemaLocation="http://www.springframework.org/schema/beans 
			http://www.springframework.org/schema/beans/spring-beans-3.0.xsd 
			http://www.springframework.org/schema/mvc 
			http://www.springframework.org/schema/mvc/spring-mvc-3.0.xsd 
			http://www.springframework.org/schema/context 
			http://www.springframework.org/schema/context/spring-context-3.0.xsd 
			http://www.springframework.org/schema/aop 
			http://www.springframework.org/schema/aop/spring-aop-3.0.xsd 
			http://www.springframework.org/schema/tx 
			http://www.springframework.org/schema/tx/spring-tx-3.0.xsd ">
			
	<!-- 1. 加载数据库配置的属性文件 -->
	<context:property-placeholder location="classpath:jdbc.properties"/>
	 <!-- 扫描注解Bean -->
    <context:component-scan base-package="com.dream">
        <context:exclude-filter type="annotation" expression="org.springframework.stereotype.Controller"/>
    </context:component-scan>

    <!-- 开启AOP监听 只对当前配置文件有效 -->
    <aop:aspectj-autoproxy expose-proxy="true"/>
<!-- 	2. 包扫描dao,service -->
<!-- 	<context:component-scan base-package="com.dream.service"/> -->
	
	<!-- 3. 数据源dataSource  C3P0 -->
	<bean id="dataSource" class="com.mchange.v2.c3p0.ComboPooledDataSource">
		<property name="driverClass" value="${jdbc.driverClassName}"/>
		<property name="jdbcUrl" value="${jdbc.url}"/>
		<property name="user" value="${jdbc.username}"/>
		<property name="password" value="${jdbc.password}"/>
		
		<property name="maxPoolSize" value="${c3p0.pool.maxPoolSize}"/>
		<property name="minPoolSize" value="${c3p0.pool.minPoolSize}"/>
		<property name="initialPoolSize" value="${c3p0.pool.initialPoolSize}"/>
		<property name="acquireIncrement" value="${c3p0.pool.acquireIncrement}"/>
		<property name="maxStatements" value="${c3p0.pool.maxStatements}"/>
		<property name="maxStatementsPerConnection" value="${c3p0.pool.maxStatementsPerConnection}"/>
	</bean>
	<!-- 4. SessionFactory -->
	<bean id="sqlSessionFactory" class="org.mybatis.spring.SqlSessionFactoryBean">
		<property name="dataSource" ref="dataSource"/>
		<!-- 整合mybatis，包扫描 mapper文件 -->
		<!--  <property name="configLocation" value="classpath:sqlMapConfig.xml"/>-->
		<property name="mapperLocations" value="classpath*:com/dream/mapper/*.xml"/>
		<property name="plugins">  
        	<bean class="com.dream.interceptor.PageInterceptor">  
        </bean>  
    </property>  
	</bean>
	<bean id="userDao" class="org.mybatis.spring.mapper.MapperFactoryBean">
		<property name="mapperInterface" value="com.dream.dao.UserDao"></property>
		<property name="sqlSessionFactory" ref="sqlSessionFactory"></property>
	</bean>
	<bean id="roleDao" class="org.mybatis.spring.mapper.MapperFactoryBean">
		<property name="mapperInterface" value="com.dream.dao.RoleDao"></property>
		<property name="sqlSessionFactory" ref="sqlSessionFactory"></property>
	</bean>
	<bean id="resourceDao" class="org.mybatis.spring.mapper.MapperFactoryBean">
		<property name="mapperInterface" value="com.dream.dao.ResourceDao"></property>
		<property name="sqlSessionFactory" ref="sqlSessionFactory"></property>
	</bean>
	<bean id="organizationDao" class="org.mybatis.spring.mapper.MapperFactoryBean">
		<property name="mapperInterface" value="com.dream.dao.OrganizationDao"></property>
		<property name="sqlSessionFactory" ref="sqlSessionFactory"></property>
	</bean>
	<!--5. Application Message Bundle -->
	<bean id="messageSource" class="org.springframework.context.support.ReloadableResourceBundleMessageSource">
		<property name="basename" value="/WEB-INF/messages" />
		<property name="cacheSeconds" value="3000" />
	</bean>
	<bean id="springContextUtil" class="com.dream.util.SpringContextUtil"></bean>
	<!-- 5. 事务 -->
	<bean id="txManager" class="org.springframework.jdbc.datasource.DataSourceTransactionManager">
		<property name="dataSource" ref="dataSource"/>
	</bean>
<!-- 	 <bean class="com.dream.util.SpringUtils"/>  -->
	<tx:advice id="txAdvice" transaction-manager="txManager">
		<tx:attributes>
			<tx:method name="insert*" propagation="REQUIRED"/>
			<tx:method name="update*" propagation="REQUIRED"/>
			<tx:method name="delete*" propagation="REQUIRED"/>
			<tx:method name="save*" propagation="REQUIRED"/>
			
			<tx:method name="find*" read-only="true"/>
			<tx:method name="get*" read-only="true"/>
			<tx:method name="view*" read-only="true"/>
		</tx:attributes>
	</tx:advice>	
	<aop:config>
		<aop:pointcut expression="execution(* com.dream.service.*.*(..))" id="txPointcut"/>
		<aop:advisor advice-ref="txAdvice" pointcut-ref="txPointcut"/>
	</aop:config>
	<!-- upload上传文件的最大 -->
	<bean id="multipartResolver"  
        class="org.springframework.web.multipart.commons.CommonsMultipartResolver">  
        <property name="maxUploadSize" value="100000000" /><!-- 100M -->  
    </bean> 
	
   

    <import resource="classpath:spring-config-cache.xml"/>
    <import resource="classpath:spring-config-shiro.xml"/>
</beans>