<?xml version="1.0" encoding="UTF-8"?>
<beans xmlns="http://www.springframework.org/schema/beans"
	xmlns:xsi="http://www.w3.org/2001/XMLSchema-instance"
	xmlns:mvc="http://www.springframework.org/schema/mvc"
	xmlns:context="http://www.springframework.org/schema/context"
	xmlns:aop="http://www.springframework.org/schema/aop"
	xmlns:tx="http://www.springframework.org/schema/tx"
	xsi:schemaLocation="http://www.springframework.org/schema/beans 
	http://www.springframework.org/schema/beans/spring-beans-3.0.xsd 
	http://www.springframework.org/schema/mvc 
	http://www.springframework.org/schema/mvc/spring-mvc-3.0.xsd 
	http://www.springframework.org/schema/context 
	http://www.springframework.org/schema/context/spring-context-3.0.xsd 
	http://www.springframework.org/schema/aop 
	http://www.springframework.org/schema/aop/spring-aop-3.0.xsd 
	http://www.springframework.org/schema/tx 
	http://www.springframework.org/schema/tx/spring-tx-3.0.xsd ">
	<!-- 1. 包扫描 controller -->
	<context:component-scan base-package="com.dream.crontroller"/>
 	 <!-- 静态资源映射  -->
 	 <mvc:annotation-driven/>
	<mvc:resources mapping="/static/**" location="/WEB-INF/static/"/>
	<!-- 2. 内部资源视图解析器 -->
	<bean id="jspViewResolver" class="org.springframework.web.servlet.view.InternalResourceViewResolver">
		<property name="prefix" value="/WEB-INF/jsp"/>
		<property name="suffix" value=""/>
	</bean>
 <bean  
        class="org.springframework.web.servlet.mvc.annotation.AnnotationMethodHandlerAdapter">  
        <!-- 日期格式转换 -->  
        <property name="webBindingInitializer">  
            <bean class="com.dream.interceptor.DateConverter" />  
        </property>  
    </bean>  

    <import resource="spring-mvc-shiro.xml"/>    
        
</beans>